{"cameraMode":{"drawMode":0,"name":"Shaded","section":"Shading Mode"},"sceneLighting":true,"audioPlay":false,"sceneViewState":{"showFog":true,"showMaterialUpdate":false,"showSkybox":true,"showFlares":true,"showImageEffects":true,"showParticleSystems":true},"in2DMode":false,"pivot":{"x":0.40582987666130068,"y":0.055429913103580478,"z":1.3317220211029053},"rotation":{"x":0.10169164091348648,"y":0.1909530609846115,"z":-0.019924314692616464,"w":0.9761333465576172},"size":0.9523268938064575,"orthographic":false}